# The macOS composing-chord rules, read by both sides: the Swift Shortcuts
# pane's (`ChordRulesCrossCheckTests.swift`) and desktop-core's under
# `DesktopPlatform::MacOS` (`src/chord_rules.rs`). Until the pane reads its
# rules from the core (macos-desktop-core-roadmap.md P14) the two coexist,
# and this table is what holds them equal. Every expectation is written by
# hand, never generated from either side.
#
# Tab-separated. A chord is `<modifiers>|<scalars>`: modifier letters d (⌘)
# c (⌃) o (⌥) s (⇧), then the key's Unicode scalars in hex. `-` is "none".
# A fourth and fifth column name the core's answer and the open parity item
# when the two sides differ today (roadmap § Parity decisions).
#
#   default  <action>  <chord>
#   parse    <stored value>  <chord it reads as | refused>  [core  item]
#   match    <chord>  <event's unmodified characters, hex>  <event modifiers>  <yes | no>
#   resolve  <stored rows: action=value;… | ->  <every row: action=chord | action=- >  [core  item]

# Every action's shipped chord.
default	nextCandidate	|0009
default	previousCandidate	s|0009
default	pageForward	|005D
default	pageBackward	|005B
default	confirmHighlighted	|000D
default	commitLiteral	s|000D
default	commitAlternateScript	|0020

# The codec: modifier order, case fold (K6), the two folded keys.
parse	|0009	|0009
parse	oscd|0020	dcos|0020
parse	c|0041	c|0061
parse	cs|005B	cs|005B
parse	|0003	|000D
parse	s|0019	s|0009
parse	d|0031	d|0031
parse	x|0061	refused
parse	c|	refused
parse	c|zz	refused
parse	c0061	refused
# The typing-key gate: letters, digits, `-` and `;` need ⌘, ⌃ or ⌥.
parse	|0061	refused
parse	s|0061	refused
parse	|0031	refused
parse	|002D	refused
parse	|003B	refused
parse	c|003B	c|003B
parse	o|002D	o|002D
parse	|00F1	|00F1
# Reserved whatever is held (K4): Backspace, Delete, Escape, the arrows and
# the paging keys.
parse	|0008	refused
parse	c|007F	refused
parse	d|001B	refused
parse	|F702	refused
parse	cs|F72C	refused
parse	|F704	|F704
# E6: a fold that adds a combining mark — the Mac reads the grapheme (not
# ASCII, so not a typing key), the core the first scalar `i`.
parse	s|0130	s|0069,0307	refused	E6
# An empty hex field refuses the whole value (E7, settled P11a).
parse	c|0041,,0042	refused
parse	c|,005D	refused
parse	c|005D,	refused

# Matching an event: on its unmodified characters, folded, and on exactly
# the four chording modifiers.
match	|0009	0009	-	yes
match	|0009	0009	s	no
match	s|0009	0019	s	yes
match	|000D	0003	-	yes
match	c|0061	0041	c	yes
match	c|0061	0061	cs	no
match	dc|0031	0031	cd	yes
match	|0020	0020	o	no

# Resolution: absent = the default, empty = cleared, unparsable = cleared;
# a chord on two rows stays on the one the user recorded; an emptied commit
# row takes back a free default of its pair, never a key off another row.
resolve	-	nextCandidate=|0009;previousCandidate=s|0009;pageForward=|005D;pageBackward=|005B;confirmHighlighted=|000D;commitLiteral=s|000D;commitAlternateScript=|0020
resolve	confirmHighlighted=	nextCandidate=|0009;previousCandidate=s|0009;pageForward=|005D;pageBackward=|005B;confirmHighlighted=|000D;commitLiteral=s|000D;commitAlternateScript=|0020
resolve	nextCandidate=	nextCandidate=-;previousCandidate=s|0009;pageForward=|005D;pageBackward=|005B;confirmHighlighted=|000D;commitLiteral=s|000D;commitAlternateScript=|0020
resolve	commitAlternateScript=c|0061	nextCandidate=|0009;previousCandidate=s|0009;pageForward=|005D;pageBackward=|005B;confirmHighlighted=|000D;commitLiteral=s|000D;commitAlternateScript=c|0061
resolve	commitAlternateScript=|000D	nextCandidate=|0009;previousCandidate=s|0009;pageForward=|005D;pageBackward=|005B;confirmHighlighted=-;commitLiteral=s|000D;commitAlternateScript=|000D
resolve	pageForward=|0009	nextCandidate=-;previousCandidate=s|0009;pageForward=|0009;pageBackward=|005B;confirmHighlighted=|000D;commitLiteral=s|000D;commitAlternateScript=|0020
resolve	nextCandidate=|0061	nextCandidate=-;previousCandidate=s|0009;pageForward=|005D;pageBackward=|005B;confirmHighlighted=|000D;commitLiteral=s|000D;commitAlternateScript=|0020
resolve	commitLiteral=;confirmHighlighted=	nextCandidate=|0009;previousCandidate=s|0009;pageForward=|005D;pageBackward=|005B;confirmHighlighted=|000D;commitLiteral=s|000D;commitAlternateScript=|0020
resolve	nextCandidate=c|0041,,0042	nextCandidate=-;previousCandidate=s|0009;pageForward=|005D;pageBackward=|005B;confirmHighlighted=|000D;commitLiteral=s|000D;commitAlternateScript=|0020
